Question Number,Title,Ruby
1,Two Sum,1
2,Two Numbers,1
3,Longest Substring Without Repeating Characters,1
7,Reverse Integer,1
9,Palindrome Number,1
12,Integer to Roman,1
13,Roman to Integer,1
14,Longest Common Prefix,1
20,Valid Parentheses,1
26,Remove Duplicates from Sorted Array,1
27,Remove Element,1
28,Implement strStr(),1
46,Permutations, 1
48,Rotate Image, 1
49,Group Anagrams, 1
50,Pow(x, n),1
94,Binary Tree Inorder Traversal,1
96,Unique Binary Search Trees,1
98,Validate Binary Tree,1
100,Same Tree,1
104,Maximum Depth of Binary Tree,1
108,Convert Sorted Array to Binary Search Tree,1
105,Construct Binary Tree from Preorder and Inorder Traversal,1
